﻿<?xml version="1.0" encoding="utf-8" ?>
<Defs>




	  <ThingCategoryDef>
	    <defName>Apparellosets</defName>
	    <label>apparello sets</label>
	    <parent>Apparel</parent>
	  </ThingCategoryDef>


		  <ThingCategoryDef>
		    <defName>ApparelloMedicalSet</defName>
		    <label>medical</label>
		    <parent>Apparellosets</parent>
		  </ThingCategoryDef>

		  <ThingCategoryDef>
		    <defName>ApparelloCrafterSet</defName>
		    <label>work</label>
		    <parent>Apparellosets</parent>
		  </ThingCategoryDef>

			  <ThingCategoryDef>
			    <defName>ApparelloConstructionSet</defName>
			    <label>construction</label>
			    <parent>ApparelloCrafterSet</parent>
			  </ThingCategoryDef>

			  <ThingCategoryDef>
			    <defName>ApparelloSetCookie</defName>
			    <label>cook</label>
			    <parent>ApparelloCrafterSet</parent>
			  </ThingCategoryDef>

			  <ThingCategoryDef>
			    <defName>ApparelloSetCrafterer</defName>
			    <label>crafting</label>
			    <parent>ApparelloCrafterSet</parent>
			  </ThingCategoryDef>

			  <ThingCategoryDef>
			    <defName>ApparelloGrowerSet</defName>
			    <label>growing</label>
			    <parent>ApparelloCrafterSet</parent>
			  </ThingCategoryDef>

			  <ThingCategoryDef>
			    <defName>ApparelloHandlingSet</defName>
			    <label>animal handling</label>
			    <parent>ApparelloCrafterSet</parent>
			  </ThingCategoryDef>



		  <ThingCategoryDef>
		    <defName>ApparelloResearchSet</defName>
		    <label>research</label>
		    <parent>Apparellosets</parent>
		  </ThingCategoryDef>

		  <ThingCategoryDef>
		    <defName>ApparelloSocialSet</defName>
		    <label>social</label>
		    <parent>Apparellosets</parent>
		  </ThingCategoryDef>

			<!--
			  <ThingCategoryDef>
			    <defName>ApparelloSetWarden</defName>
			    <label>warden</label>
			    <parent>ApparelloSocialSet</parent>
			  </ThingCategoryDef>

			  <ThingCategoryDef>
			    <defName>ApparelloSetTrader</defName>
			    <label>trader</label>
			    <parent>ApparelloSocialSet</parent>
			  </ThingCategoryDef>

			  <ThingCategoryDef>
			    <defName>ApparelloSetSocialite</defName>
			    <label>socialite</label>
			    <parent>ApparelloSocialSet</parent>
			  </ThingCategoryDef>

			  <ThingCategoryDef>
			    <defName>ApparelloSetDiplomat</defName>
			    <label>lobbyist</label>
			    <parent>ApparelloSocialSet</parent>
			  </ThingCategoryDef>
			-->

		  <ThingCategoryDef>
		    <defName>ApparelloWombatSet</defName>
		    <label>combat</label>
		    <parent>Apparellosets</parent>
		  </ThingCategoryDef>
			
			  <ThingCategoryDef>
			    <defName>ApparelloSetRachel</defName>
			    <label>gunslinger</label>
			    <parent>ApparelloWombatSet</parent>
			  </ThingCategoryDef>

			  <ThingCategoryDef>
			    <defName>ApparelloSetMelodie</defName>
			    <label>brawler</label>
			    <parent>ApparelloWombatSet</parent>
			  </ThingCategoryDef>
			
		  <ThingCategoryDef>
		    <defName>ApparelloSomerset</defName>
		    <label>Summer clothing</label>
		    <parent>Apparellosets</parent>
		  </ThingCategoryDef>
		  <ThingCategoryDef>
		    <defName>ApparelloWinterwald</defName>
		    <label>Winter clothing</label>
		    <parent>Apparellosets</parent>
		  </ThingCategoryDef>

<!-- Hat main -->

  <ThingCategoryDef>
    <defName>Apparellohats</defName>
    <label>apparello headgear</label>
    <parent>Headgear</parent>
  </ThingCategoryDef>

	  <ThingCategoryDef>
	    <defName>Apparelloeyehats</defName>
	    <label>eyewear</label>
	    <parent>Apparellohats</parent>
	  </ThingCategoryDef>


<!-- Other -->

  <ThingCategoryDef>
    <defName>Accessorellocategory</defName>
    <label>other</label>
    <parent>Apparel</parent>
  </ThingCategoryDef>

	  <ThingCategoryDef>
	    <defName>Apparellopanties</defName>
	    <label>pants</label>
	    <parent>Accessorellocategory</parent>
	  </ThingCategoryDef>

	  <ThingCategoryDef>
	    <defName>ApparelloRarities</defName>
	    <label>rare equipment</label>
	    <parent>Accessorellocategory</parent>
	  </ThingCategoryDef>
  
</Defs>


