<?xml version="1.0" encoding="utf-8" ?>
<Defs>

<!-- Stablehand Trousers -->

    <ThingDef ParentName="ApparelloVanillaBase">
    <defName>RWP_Apparel_StablehandTrousers</defName>
    <label>stablehand trousers</label>
    <description>A pair of rugged trousers with suspenders. Useful for various types of farm labor.</description>
	<recipeMaker>
      <researchPrerequisite>RWP_WesternApparel</researchPrerequisite>
    </recipeMaker>
    <graphicData>
      <texPath>Things/Pawn/Humanlike/Apparel/Bodywear/Display/Suspenders</texPath>
      <graphicClass>Graphic_Single</graphicClass>
    </graphicData>
    <costStuffCount>50</costStuffCount>
    <stuffCategories>
      <li>Leathery</li>
    </stuffCategories>
    <thingCategories>
      <li>Apparel</li>
    </thingCategories>
    <statBases>
	      <Mass>0.5</Mass>
      <WorkToMake>7000</WorkToMake>
      <StuffEffectMultiplierArmor>0.2</StuffEffectMultiplierArmor>
      <StuffEffectMultiplierInsulation_Cold>0.20</StuffEffectMultiplierInsulation_Cold>
      <StuffEffectMultiplierInsulation_Heat>0.08</StuffEffectMultiplierInsulation_Heat>
      <EquipDelay>2</EquipDelay>
    </statBases>
    <equippedStatOffsets>
      <TameAnimalChance>0.06</TameAnimalChance>
      <MentalBreakThreshold>-0.02</MentalBreakThreshold>
      <PlantWorkSpeed>0.03</PlantWorkSpeed>
    </equippedStatOffsets>
		<generateCommonality>0.5</generateCommonality>
    <apparel>
      <wornGraphicPath>Things/Pawn/Humanlike/Apparel/Bodywear/Suspenders/Suspenders</wornGraphicPath>
      <bodyPartGroups>
        <li>Legs</li>
      </bodyPartGroups>
      <layers>
	    <li>OnSkin</li>
        <li>Middle</li>
      </layers>
      <tags>
        <li>Outlander</li>
        <li>RWPWesternWear</li>
        <li>RWPBanditWear</li>
      </tags>
      <defaultOutfitTags>
        <li>Worker</li>
      </defaultOutfitTags>
    </apparel>
    <colorGenerator Class="ColorGenerator_StandardApparel" />
  </ThingDef>

<!-- SHELL -->
  
<!-- Gentleman's Pants -->

    <ThingDef ParentName="ApparelloVanillaBase">
    <defName>RWP_Apparel_GentPants</defName>
    <label>gentleman's pants</label>
    <description>A very stylish pair of dress pants. Pairs perfectly with a waistcoat.</description>
	<recipeMaker>
      <researchPrerequisite>RWP_WesternApparel</researchPrerequisite>
    </recipeMaker>
    <graphicData>
      <texPath>Things/Pawn/Humanlike/Apparel/Bodywear/Display/Lederhose</texPath>
      <graphicClass>Graphic_Single</graphicClass>
    </graphicData>
    <costStuffCount>70</costStuffCount>
    <stuffCategories>
      <li>Fabric</li>
    </stuffCategories>
    <thingCategories>
      <li>Apparel</li>
    </thingCategories>
    <statBases>
		      <Mass>0.5</Mass>
      <WorkToMake>9000</WorkToMake>
      <StuffEffectMultiplierArmor>0.2</StuffEffectMultiplierArmor>
      <StuffEffectMultiplierInsulation_Cold>0.20</StuffEffectMultiplierInsulation_Cold>
      <StuffEffectMultiplierInsulation_Heat>0.08</StuffEffectMultiplierInsulation_Heat>
      <EquipDelay>2</EquipDelay>
    </statBases>
    <equippedStatOffsets>
	<MoveSpeed>0.05</MoveSpeed>
	<SocialImpact>0.03</SocialImpact>
    </equippedStatOffsets>
    <apparel>
      <wornGraphicPath>Things/Pawn/Humanlike/Apparel/Bodywear/Pants/Pants</wornGraphicPath>
      <bodyPartGroups>
        <li>Legs</li>
      </bodyPartGroups>
      <layers>
        <li>OnSkin</li>
      </layers>
      <tags>
        <li>Outlander</li>
        <li>RWPWesternWear</li>
        <li>RWPGentlemanWear</li>
        <li>RWPMarshalWear</li>
      </tags>
      <defaultOutfitTags>
        <li>Worker</li>
      </defaultOutfitTags>
    </apparel>
		<generateCommonality>0.5</generateCommonality>
    <colorGenerator Class="ColorGenerator_StandardApparel" />
  </ThingDef>

<!-- Patchwork Pants -->

    <ThingDef ParentName="ApparelloVanillaBase">
    <defName>RWP_Apparel_PatchworkPants</defName>
    <label>patchwork pants</label>
    <description>A very crude and ugly pair of pants.</description>
    <graphicData>
      <texPath>Things/Pawn/Humanlike/Apparel/Bodywear/Display/NIATramps</texPath>
      <graphicClass>Graphic_Single</graphicClass>
    </graphicData>
    <costStuffCount>10</costStuffCount>
    <tradeability>Sellable</tradeability>
    <stuffCategories>
      <li>Fabric</li>
    </stuffCategories>
    <thingCategories>
      <li>Apparel</li>
    </thingCategories>
	    <statBases>
	      <Mass>0.5</Mass>
      <WorkToMake>3000</WorkToMake>
      <StuffEffectMultiplierArmor>0.1</StuffEffectMultiplierArmor>
      <StuffEffectMultiplierInsulation_Cold>0.20</StuffEffectMultiplierInsulation_Cold>
      <StuffEffectMultiplierInsulation_Heat>0.08</StuffEffectMultiplierInsulation_Heat>
      <EquipDelay>2</EquipDelay>
    </statBases>
    <equippedStatOffsets>
	<SocialImpact>-0.25</SocialImpact>
    </equippedStatOffsets>
    <apparel>
      <wornGraphicPath>Things/Pawn/Humanlike/Apparel/Bodywear/Pants/Pants</wornGraphicPath>
      <bodyPartGroups>
        <li>Legs</li>
      </bodyPartGroups>
      <layers>
        <li>OnSkin</li>
      </layers>
      <tags>
        <li>Scrap</li>
        <li>Outlander</li>
        <li>RWPWesternWear</li>
      </tags>
      <defaultOutfitTags>
        <li>Worker</li>
      </defaultOutfitTags>
    </apparel>
		<generateCommonality>0.2</generateCommonality>
    <colorGenerator Class="ColorGenerator_StandardApparel" />
  </ThingDef>

<!-- Jeans -->

    <ThingDef ParentName="ApparelloVanillaBase">
    <defName>RWP_Apparel_Jeans</defName>
    <label>jeans</label>
    <description>A pair of sturdy pants reinforced with copper rivets. Designed for working in the fields or in the mine.</description>
	<recipeMaker>
      <researchPrerequisite>RWP_WesternApparel</researchPrerequisite>
    </recipeMaker>
    <graphicData>
      <texPath>Things/Pawn/Humanlike/Apparel/Bodywear/Display/Jeans</texPath>
      <graphicClass>Graphic_Single</graphicClass>
    </graphicData>
    <costStuffCount>65</costStuffCount>
    <stuffCategories>
      <li>Fabric</li>
    </stuffCategories>
    <thingCategories>
      <li>Apparel</li>
    </thingCategories>
    <statBases>
		      <Mass>0.5</Mass>
      <WorkToMake>9000</WorkToMake>
      <StuffEffectMultiplierArmor>0.2</StuffEffectMultiplierArmor>
      <StuffEffectMultiplierInsulation_Cold>0.20</StuffEffectMultiplierInsulation_Cold>
      <StuffEffectMultiplierInsulation_Heat>0.08</StuffEffectMultiplierInsulation_Heat>
      <EquipDelay>2</EquipDelay>
    </statBases>
    <equippedStatOffsets>
	  <MoveSpeed>-0.03</MoveSpeed>
      <PlantHarvestYield>0.05</PlantHarvestYield>
      <MiningSpeed>0.05</MiningSpeed>
    </equippedStatOffsets>
    <apparel>
      <wornGraphicPath>Things/Pawn/Humanlike/Apparel/Bodywear/Darkpants/Pants</wornGraphicPath>
      <bodyPartGroups>
        <li>Legs</li>
      </bodyPartGroups>
      <layers>
        <li>OnSkin</li>
      </layers>
      <tags>
        <li>Outlander</li>
        <li>RWPWesternWear</li>
        <li>RWPBanditWear</li>
        <li>RWPMarshalWear</li>
      </tags>
      <defaultOutfitTags>
        <li>Worker</li>
      </defaultOutfitTags>
    </apparel>
		<generateCommonality>0.5</generateCommonality>
    <colorGenerator Class="ColorGenerator_StandardApparel" />
  </ThingDef>

<!-- Prairie Skirt -->

    <ThingDef ParentName="ApparelloVanillaBase">
    <defName>RWP_Apparel_PrairieSkirt</defName>
    <label>prairie skirt</label>
    <description>An American style of skirt popular with pioneer women in the Old West.</description>
	<recipeMaker>
      <researchPrerequisite>RWP_WesternApparel</researchPrerequisite>
    </recipeMaker>
    <graphicData>
      <texPath>Things/Pawn/Humanlike/Apparel/Bodywear/Display/Skirt</texPath>
      <graphicClass>Graphic_Single</graphicClass>
    </graphicData>
    <costStuffCount>80</costStuffCount>
    <stuffCategories>
      <li>Fabric</li>
    </stuffCategories>
    <thingCategories>
      <li>Apparel</li>
    </thingCategories>
    <statBases>
		      <Mass>0.5</Mass>
      <WorkToMake>9000</WorkToMake>
      <StuffEffectMultiplierArmor>0.2</StuffEffectMultiplierArmor>
      <StuffEffectMultiplierInsulation_Cold>0.20</StuffEffectMultiplierInsulation_Cold>
      <StuffEffectMultiplierInsulation_Heat>0.08</StuffEffectMultiplierInsulation_Heat>
      <EquipDelay>2</EquipDelay>
    </statBases>
    <equippedStatOffsets>
	<MoveSpeed>-0.07</MoveSpeed>
	<SocialImpact>0.03</SocialImpact>
    </equippedStatOffsets>
    <apparel>
      <wornGraphicPath>Things/Pawn/Humanlike/Apparel/Bodywear/Skirt/Skirt</wornGraphicPath>
      <bodyPartGroups>
        <li>Legs</li>
      </bodyPartGroups>
      <layers>
        <li>Shell</li>
      </layers>
      <tags>
        <li>Skirt</li>
      </tags>
      <defaultOutfitTags>
        <li>Worker</li>
      </defaultOutfitTags>
    </apparel>
		<generateCommonality>0.5</generateCommonality>
    <colorGenerator Class="ColorGenerator_StandardApparel" />
  </ThingDef>

<!-- Fringe Pants -->

    <ThingDef ParentName="ApparelloVanillaBase">
    <defName>RWP_Apparel_LeatherPants</defName>
    <label>fringe pants</label>
    <description>A pair of leather or hide pants with a fringe trim. Based on clothing worn by Native Americans, this style of pants were popular with frontiersmen for their warmth and durability.</description>
	<recipeMaker>
      <researchPrerequisite>RWP_WesternApparel</researchPrerequisite>
    </recipeMaker>
    <graphicData>
      <texPath>Things/Pawn/Humanlike/Apparel/Bodywear/Display/Holdem</texPath>
      <graphicClass>Graphic_Single</graphicClass>
    </graphicData>
    <costStuffCount>80</costStuffCount>
    <stuffCategories>
      <li>Leathery</li>
    </stuffCategories>
    <thingCategories>
      <li>Apparel</li>
    </thingCategories>
    <statBases>
	      <Mass>0.5</Mass>
      <WorkToMake>7000</WorkToMake>
      <StuffEffectMultiplierArmor>0.2</StuffEffectMultiplierArmor>
      <StuffEffectMultiplierInsulation_Cold>0.20</StuffEffectMultiplierInsulation_Cold>
      <StuffEffectMultiplierInsulation_Heat>0.08</StuffEffectMultiplierInsulation_Heat>
      <EquipDelay>2</EquipDelay>
    </statBases>
    <equippedStatOffsets>
	<MoveSpeed>-0.03</MoveSpeed>
	<MentalBreakThreshold>-0.04</MentalBreakThreshold>
    </equippedStatOffsets>
    <apparel>
      <wornGraphicPath>Things/Pawn/Humanlike/Apparel/Bodywear/Darkpants/Pants</wornGraphicPath>
      <bodyPartGroups>
        <li>Legs</li>
      </bodyPartGroups>
      <layers>
        <li>OnSkin</li>
      </layers>
      <tags>
        <li>Outlander</li>
        <li>RWPWesternWear</li>
        <li>RWPBanditWear</li>
      </tags>
      <defaultOutfitTags>
        <li>Worker</li>
      </defaultOutfitTags>
    </apparel>
		<generateCommonality>0.5</generateCommonality>
    <colorGenerator Class="ColorGenerator_StandardApparel" />
  </ThingDef>
  
  <!-- Overalls -->  
  <ThingDef ParentName="ApparelloVanillaBase">
    <defName>RWP_Apparel_Overalls</defName>
    <description>Plain pocketed overalls designed to make working more convenient. Not particularily stylish.</description>
    <label>overalls</label>
    <recipeMaker>
      <researchPrerequisite>RWP_WesternApparel</researchPrerequisite>
    </recipeMaker>
    <graphicData>
      <texPath>Things/Pawn/Humanlike/Apparel/Bodywear/Display/Overalls</texPath>
      <graphicClass>Graphic_Single</graphicClass>
    </graphicData>
    <costStuffCount>100</costStuffCount>
    <stuffCategories>
      <li>Fabric</li>
      <li>Leathery</li>	  
    </stuffCategories>
    <thingCategories>
      <li>Apparel</li>
    </thingCategories>
    <statBases>
		      <Mass>0.40</Mass>
      <WorkToMake>9000</WorkToMake>
      <StuffEffectMultiplierArmor>0.4</StuffEffectMultiplierArmor>
      <StuffEffectMultiplierInsulation_Cold>0.25</StuffEffectMultiplierInsulation_Cold>
      <StuffEffectMultiplierInsulation_Heat>0.05</StuffEffectMultiplierInsulation_Heat>
      <EquipDelay>3</EquipDelay>
    </statBases>
    <equippedStatOffsets>
            <NegotiationAbility>-0.15</NegotiationAbility>
            <TradePriceImprovement>-0.15</TradePriceImprovement>
            <WorkSpeedGlobal>0.05</WorkSpeedGlobal>
            <WorkTableWorkSpeedFactor>0.05</WorkTableWorkSpeedFactor>			
            <ConstructionSpeed>0.05</ConstructionSpeed>
			</equippedStatOffsets>	
		<generateCommonality>0.3</generateCommonality> 
    <apparel>
      <bodyPartGroups>
        <li>Torso</li>
        <li>Legs</li>		
      </bodyPartGroups>
      <wornGraphicPath>Things/Pawn/Humanlike/Apparel/Bodywear/Overalls/IndOveralls</wornGraphicPath>
      <layers>
        <li>Shell</li>
      </layers>
      <tags>
        <li>Outlander</li>
        <li>RWPWesternWear</li>
      </tags>
      <defaultOutfitTags>
        <li>Worker</li>
      </defaultOutfitTags>
    </apparel>
    <colorGenerator Class="ColorGenerator_StandardApparel" />
  </ThingDef>   

</Defs>