<?xml version="1.0" encoding="utf-8" ?>

<Defs>

 <!-- ==================== RWP Town Base Class ================= -->
 
  <FactionDef Name="RWP_TownFactionBase" Abstract = "True">
    <defName>RWP_Faction_Town_Core</defName>
    <pawnsPlural>townspeople</pawnsPlural>
    <techLevel>Industrial</techLevel>
    <backstoryCategories>
      <li>Civil</li>
    </backstoryCategories>
    <canMakeRandomly>true</canMakeRandomly>	
	<rescueesCanJoin>true</rescueesCanJoin>	
    <canStageAttacks>true</canStageAttacks>
    <canSiege>true</canSiege>	
    <maxPawnCostPerTotalPointsCurve>
      <points>
        <li>(0,35)</li>
        <li>(70, 50)</li>
        <li>(700, 100)</li>
        <li>(1300, 150)</li>
        <li>(100000, 10000)</li>
      </points>
    </maxPawnCostPerTotalPointsCurve>
	<earliestRaidDays>30</earliestRaidDays>	
    <hairTags>
      <li>Rural</li>
    </hairTags>
    <caravanTraderKinds>
      <li>RWP_Caravan_BulkGoods</li>
      <li>RWP_Caravan_Combat</li>	  
    </caravanTraderKinds>	
    <visitorTraderKinds>
      <li>Visitor_Outlander_Standard</li>
    </visitorTraderKinds>
    <baseTraderKinds>
      <li>RWP_Base_Town_Standard</li>
    </baseTraderKinds>
    <allowedArrivalTemperatureRange>
      <min>-50</min>
      <max>50</max>
    </allowedArrivalTemperatureRange>	
	
    <goodwillDailyGain>0.20</goodwillDailyGain>
    <goodwillDailyFall>0.40</goodwillDailyFall>
	
    <settlementNameMaker>NamerFactionOutlander</settlementNameMaker>
    <homeIconPath>World/WorldObjects/DefaultSettlement</homeIconPath>
	
  </FactionDef>
	
 <!-- ==================== RWP Town Faction ================= -->
 
<FactionDef ParentName="RWP_TownFactionBase">
    <defName>RWP_Faction_Town</defName>
    <label>Frontier town</label>
    <description>Frontier towns are settlements on the edge of civilization, and are under constant threat from bandit gangs and hostile native tribes. Law and order in these areas are upheld by the town sheriff, and they are mostly made up of good, honest folk who are just trying to carve out a new life in a new land.</description>
    <pawnsPlural>townspeople</pawnsPlural>
    <requiredCountAtGameStart>1</requiredCountAtGameStart>
    <settlementGenerationWeight>1</settlementGenerationWeight>	
    <startingGoodwill>
      <min>0</min>
      <max>20</max>
    </startingGoodwill>
	
	<mustStartOneEnemy>false</mustStartOneEnemy>
    <factionNameMaker>NamerFactionOutlander</factionNameMaker>
    <leaderTitle>Town Sheriff</leaderTitle>

    <hairTags>
	  <li>Rural</li>	  
    </hairTags>
	
    <naturalColonyGoodwill>
      <min>-10</min>
      <max>10</max>
    </naturalColonyGoodwill>

		
<!-- ====== Faction Groups ====== -->	

 <pawnGroupMakers>
 
 <!-- Trading Group -->
	<li>
        <kindDef>Trader</kindDef>
        <traders>
				<RWP_Town_Trader>1</RWP_Town_Trader>
        </traders>
        <carriers>
          <Muffalo>2</Muffalo>
          <Dromedary>2</Dromedary>
        </carriers>
        <guards>		
				<RWP_Town_Guard>4</RWP_Town_Guard>
        </guards>		
	</li>	

<!-- Small Scale Tier 1 Attack -->
        <li>
        <kindDef>Combat</kindDef>
	    <commonality>100</commonality>
		<disallowedStrategies>		
          <li>StageThenAttack</li>		
          <li>ImmediateAttackSappers</li>
          <li>Siege</li>		  
        </disallowedStrategies>
			<options>
					<RWP_Town_Townsperson>4</RWP_Town_Townsperson>
					<RWP_Town_Rifleman>1</RWP_Town_Rifleman>
					<RWP_Town_Gunslinger>1</RWP_Town_Gunslinger>						
			</options>	
		</li>		

<!-- Small Scale Tier 2 Attack -->			
        <li>
        <kindDef>Combat</kindDef>
	    <commonality>50</commonality>
		<disallowedStrategies>
          <li>ImmediateAttack</li>		
          <li>ImmediateAttackSappers</li>		  
          <li>Siege</li>		  
        </disallowedStrategies>
		<options>		
				<RWP_Town_Sniper>1</RWP_Town_Sniper>	
				<RWP_Town_Townsperson>4</RWP_Town_Townsperson>
				<RWP_Town_Socialite>1</RWP_Town_Socialite>
				<RWP_Town_Rifleman>3</RWP_Town_Rifleman>	
				<RWP_Town_Gunslinger>3</RWP_Town_Gunslinger>			
		</options>	
	</li>
		
<!-- Large Scale Attack -->	
        <li>
        <kindDef>Combat</kindDef>
	    <commonality>25</commonality>
		<disallowedStrategies>
          <li>ImmediateAttack</li>		
          <li>Siege</li>		  
        </disallowedStrategies>
			<options>
					<RWP_Town_Townsperson>6</RWP_Town_Townsperson>
				    <RWP_Town_Socialite>2</RWP_Town_Socialite>
					<RWP_Town_Sniper>2</RWP_Town_Sniper>						
					<RWP_Town_Rifleman>4</RWP_Town_Rifleman>			
					<RWP_Town_Gunslinger>4</RWP_Town_Gunslinger>
			</options>	
		</li>
		
<!-- Siege Scale Attack -->	
        <li>
        <kindDef>Combat</kindDef>
	    <commonality>15</commonality>
		<disallowedStrategies>
		  <li>ImmediateAttackSmart</li>	
          <li>ImmediateAttack</li>		
          <li>ImmediateAttackSappers</li>
          <li>StageThenAttack</li>	  
        </disallowedStrategies>
			<options>
					<RWP_Town_Boss>1</RWP_Town_Boss>
					<RWP_Town_Townsperson>4</RWP_Town_Townsperson>
				    <RWP_Town_Socialite>2</RWP_Town_Socialite>
					<RWP_Town_Sniper>2</RWP_Town_Sniper>											
					<RWP_Town_Rifleman>5</RWP_Town_Rifleman>
					<RWP_Town_Gunslinger>6</RWP_Town_Gunslinger>
			</options>	
		</li>

<!-- Faction Base -->	
        <li>
        <kindDef>Settlement</kindDef>
			<options>			
					<RWP_Town_Townsperson>6</RWP_Town_Townsperson>
				    <RWP_Town_Socialite>2</RWP_Town_Socialite>
					<RWP_Town_Boss>1</RWP_Town_Boss>			
					<RWP_Town_Sniper>1</RWP_Town_Sniper>			
					<RWP_Town_Rifleman>4</RWP_Town_Rifleman>
					<RWP_Town_Gunslinger>4</RWP_Town_Gunslinger>						
			</options>	
		</li>			
 </pawnGroupMakers>

    <expandingIconTexture>World/WorldObjects/Factions/RWP_Town</expandingIconTexture>	 
	<colorSpectrum>
      <li>(0.4, 1, 0)</li>
	  <li>(0.3, 0.75, 0)</li>	  
	  <li>(0.2, 0.5, 0)</li>
    </colorSpectrum>	
	
  </FactionDef>  

</Defs>
