﻿<?xml version="1.0" encoding="utf-8"?>
<Defs>
 
  <TraderKindDef>
    <defName>RWP_Base_Town_Standard</defName>
    <stockGenerators>	
      <li Class="StockGenerator_SingleDef">
        <thingDef>Silver</thingDef>
        <countRange>
          <min>3600</min>
          <max>5400</max>
        </countRange>
      </li>
      <li Class="StockGenerator_SingleDef">
        <thingDef>Gold</thingDef>
        <countRange>
          <min>500</min>
          <max>1000</max>
        </countRange>
      </li>	  
      <li Class="StockGenerator_SingleDef">
        <thingDef>WoodLog</thingDef>
        <countRange>
          <min>1500</min>
          <max>1850</max>
        </countRange>
      </li>	  
      <li Class="StockGenerator_SingleDef">
        <thingDef>Hay</thingDef>
        <countRange>
          <min>1300</min>
          <max>1550</max>
        </countRange>
      </li>	  	  
      <li Class="StockGenerator_SingleDef">
        <thingDef>Steel</thingDef>
        <countRange>
          <min>800</min>
          <max>1250</max>
        </countRange>
      </li>	  
      <li Class="StockGenerator_SingleDef">
        <thingDef>Plasteel</thingDef>
        <countRange>
          <min>300</min>
          <max>700</max>
        </countRange>
      </li>
      <li Class="StockGenerator_SingleDef">
        <thingDef>Cloth</thingDef>
        <countRange>
          <min>200</min>
          <max>600</max>
        </countRange>
      </li>	  
      <li Class="StockGenerator_Category">
        <categoryDef>Textiles</categoryDef>
        <thingDefCountRange>
          <min>15</min>
          <max>40</max>
        </thingDefCountRange>
        <totalPriceRange>
          <min>1000</min>
          <max>2000</max>
        </totalPriceRange>
      </li>	   	  		 	  	   
      <li Class="StockGenerator_SingleDef">
        <thingDef>Beer</thingDef>
        <totalPriceRange>
          <min>100</min>
          <max>200</max>
        </totalPriceRange>
      </li> 	  
      <li Class="StockGenerator_SingleDef">
        <thingDef>Pemmican</thingDef>
        <countRange>
          <min>350</min>
          <max>500</max>
        </countRange>
      </li> 	  
      <li Class="StockGenerator_SingleDef">
        <thingDef>MedicineHerbal</thingDef>
        <price>Normal</price>
        <countRange>
          <min>130</min>
          <max>150</max>
        </countRange>
      </li>	  
      <li Class="StockGenerator_Tag">
        <tradeTag>Furniture</tradeTag>
        <thingDefCountRange>
          <min>2</min>
          <max>5</max>
        </thingDefCountRange>
      </li>	 	  
      <li Class="StockGenerator_SingleDef">
        <thingDef>ComponentIndustrial</thingDef>
        <countRange>
          <min>35</min>
          <max>70</max>
        </countRange>
      </li>
      <li Class="StockGenerator_Tag">
        <tradeTag>RWP_Gear</tradeTag>
        <thingDefCountRange>
          <min>10</min>
          <max>15</max>
        </thingDefCountRange>
        <countRange>
          <min>1</min>
          <max>2</max>
        </countRange>
      </li>	
      <li Class="StockGenerator_Tag">
        <tradeTag>Exotic</tradeTag>
        <thingDefCountRange>
          <min>3</min>
          <max>5</max>
        </thingDefCountRange>
        <countRange>
          <min>1</min>
          <max>2</max>
        </countRange>
      </li>
      <li Class="StockGenerator_Tag">
        <tradeTag>Artifact</tradeTag>
        <thingDefCountRange>
          <min>1</min>
          <max>4</max>
        </thingDefCountRange>
        <countRange>
          <min>1</min>
          <max>1</max>
        </countRange>
      </li>	 	    
      <li Class="StockGenerator_Animals">
        <checkTemperature>true</checkTemperature>
        <maxWildness>0.70</maxWildness>
        <tradeTagsSell>		
          <li>AnimalFarm</li>
          <li>AnimalPet</li>
        </tradeTagsSell>
        <tradeTagsBuy>
		    <li>AnimalCommon</li>		  
			<li>AnimalUncommon</li>
			<li>AnimalExotic</li>
        </tradeTagsBuy>	
        <kindCountRange>
          <min>4</min>
          <max>8</max>
        </kindCountRange>
        <countRange>
          <min>4</min>
          <max>6</max>
        </countRange>
      </li>
      <li Class="StockGenerator_Animals">
        <checkTemperature>true</checkTemperature>
        <tradeTagsSell>		
          <li>AnimalFighter</li>
        </tradeTagsSell>
        <tradeTagsBuy>
			<li>AnimalCommon</li>		  
			<li>AnimalUncommon</li>
			<li>AnimalExotic</li>
        </tradeTagsBuy>	
        <kindCountRange>
          <min>3</min>
          <max>5</max>
        </kindCountRange>
        <countRange>
          <min>2</min>
          <max>6</max>
        </countRange>
      </li>	 	
      <li Class="StockGenerator_Category">
        <categoryDef>FoodRaw</categoryDef>
				<excludedCategories><li>EggsFertilized</li></excludedCategories>
				<thingDefCountRange>
          <min>2</min>
          <max>4</max>
        </thingDefCountRange>
        <totalPriceRange>
          <min>400</min>
          <max>800</max>
        </totalPriceRange>
      </li>	  
      <li Class="StockGenerator_Clothes">
        <countRange>
          <min>4</min>
          <max>8</max>
        </countRange>
      </li>
      <li Class="StockGenerator_Category">
        <categoryDef>WeaponsMelee</categoryDef>
        <thingDefCountRange>
          <min>3</min>
          <max>4</max>
        </thingDefCountRange>
        <countRange>
          <min>1</min>
          <max>2</max>
        </countRange>
      </li>
	  
	  <li Class="StockGenerator_BuyArt" />
      <li Class="StockGenerator_BuyExpensiveSimple" />
      <li Class="StockGenerator_BuyWeirdOrganic" />
	  
    </stockGenerators>
  </TraderKindDef>

</Defs>